Sample in Buffer,Sample in Window,TRIGGER,design_1_i/lepton_if_0_sclk,design_1_i/lepton_if_0_ss,design_1_i/miso_0_1,design_1_i/axi_gpio_0_gpio_io_o,design_1_i/lepton_vospi_0_axis_m_tlast,design_1_i/lepton_vospi_0_axis_m_tuser,design_1_i/lepton_vospi_0_line_out[11:0],design_1_i/lepton_vospi_0_seg_num[3:0],design_1_i/lepton_vospi_0_axis_m_tvalid,design_1_i/lepton_vospi_0_axis_m_tdata[31:0],design_1_i/Net,design_1_i/lepton_vospi_0_line_val,design_1_i/lepton_vospi_0_current_state_wire[3:0],design_1_i/lepton_vospi_0_shift_reg_wire[15:0],design_1_i/lepton_vospi_0_mode[3:0]
0,0,0,1,0,1,1,0,0,34,0000,0,01110100111110010111010010001011,1,0,1,0010111010100011,1
1,1,0,1,0,1,1,0,0,34,0000,0,01110100111110010111010010001011,1,0,1,0010111010100011,1
2,2,0,0,0,1,1,0,0,34,0000,0,01110100111110010111010010001011,1,0,1,0010111010100011,1
3,3,0,0,0,1,1,0,0,34,0000,0,01110100111110010111010010001011,1,0,1,0010111010100011,1
4,4,0,0,0,1,1,0,0,34,0000,0,01110100111110010111010010001011,1,0,1,0010111010100011,1
5,5,0,1,0,1,1,0,0,34,0000,0,01110100111110010111010010001011,1,0,1,0101110101000111,1
6,6,0,1,0,1,1,0,0,34,0000,0,01110100111110010111010010001011,1,0,1,0101110101000111,1
7,7,0,0,0,1,1,0,0,34,0000,0,01110100111110010111010010001011,1,0,1,0101110101000111,1
8,8,0,0,0,1,1,0,0,34,0000,0,01110100111110010111010010001011,1,0,1,0101110101000111,1
9,9,0,0,0,1,1,0,0,34,0000,0,01110100111110010111010010001011,1,0,1,0101110101000111,1
10,10,0,1,0,1,1,0,0,34,0000,0,01110100111110010111010010001011,1,0,1,1011101010001111,1
11,11,0,1,0,1,1,0,0,34,0000,0,01110100111110010111010010001011,1,0,1,1011101010001111,1
12,12,0,0,0,1,1,0,0,34,0000,0,01110100111110010111010010001011,1,0,1,1011101010001111,1
13,13,0,0,0,1,1,0,0,34,0000,0,01110100111110010111010010001011,1,0,1,1011101010001111,1
14,14,0,0,0,1,1,0,0,34,0000,0,01110100111110010111010010001011,1,0,1,1011101010001111,1
15,15,0,1,0,1,1,0,0,34,0000,0,01110100111110010111010010001011,1,0,1,0111010100011111,1
16,16,0,1,0,1,1,0,0,34,0000,0,01110100111110010111010010001011,1,0,2,0111010100011111,2
17,17,0,0,0,1,1,0,0,34,0000,0,01110100111110010111010010001011,1,0,2,0111010100011111,2
18,18,0,0,0,1,1,0,0,34,0000,0,01110100111110010111010010001011,1,0,2,0111010100011111,2
19,19,0,0,0,0,1,0,0,34,0000,0,01110100111110010111010010001011,1,0,2,0111010100011111,2
20,20,0,1,0,0,1,0,0,34,0000,0,01110100111110010111010100011111,1,0,2,1110101000111110,2
21,21,0,1,0,0,1,0,0,34,0000,0,01110100111110010111010100011111,1,0,1,1110101000111110,1
22,22,0,0,0,0,1,0,0,34,0000,0,01110100111110010111010100011111,1,0,1,1110101000111110,1
23,23,0,0,0,0,1,0,0,34,0000,0,01110100111110010111010100011111,1,0,1,1110101000111110,1
24,24,0,0,0,0,1,0,0,34,0000,0,01110100111110010111010100011111,1,0,1,1110101000111110,1
25,25,0,1,0,0,1,0,0,34,0000,0,01110100111110010111010100011111,1,0,1,1101010001111100,1
26,26,0,1,0,0,1,0,0,34,0000,0,01110100111110010111010100011111,1,0,1,1101010001111100,1
27,27,0,0,0,0,1,0,0,34,0000,0,01110100111110010111010100011111,1,0,1,1101010001111100,1
28,28,0,0,0,0,1,0,0,34,0000,0,01110100111110010111010100011111,1,0,1,1101010001111100,1
29,29,0,0,0,0,1,0,0,34,0000,0,01110100111110010111010100011111,1,0,1,1101010001111100,1
30,30,0,1,0,0,1,0,0,34,0000,0,01110100111110010111010100011111,1,0,1,1010100011111000,1
31,31,0,1,0,0,1,0,0,34,0000,0,01110100111110010111010100011111,1,0,1,1010100011111000,1
32,32,0,0,0,0,1,0,0,34,0000,0,01110100111110010111010100011111,1,0,1,1010100011111000,1
33,33,0,0,0,0,1,0,0,34,0000,0,01110100111110010111010100011111,1,0,1,1010100011111000,1
34,34,0,0,0,0,1,0,0,34,0000,0,01110100111110010111010100011111,1,0,1,1010100011111000,1
35,35,0,1,0,0,1,0,0,34,0000,0,01110100111110010111010100011111,1,0,1,0101000111110000,1
36,36,0,1,0,0,1,0,0,34,0000,0,01110100111110010111010100011111,1,0,1,0101000111110000,1
37,37,0,0,0,0,1,0,0,34,0000,0,01110100111110010111010100011111,1,0,1,0101000111110000,1
38,38,0,0,0,0,1,0,0,34,0000,0,01110100111110010111010100011111,1,0,1,0101000111110000,1
39,39,0,0,0,0,1,0,0,34,0000,0,01110100111110010111010100011111,1,0,1,0101000111110000,1
40,40,0,1,0,0,1,0,0,34,0000,0,01110100111110010111010100011111,1,0,1,1010001111100000,1
41,41,0,1,0,0,1,0,0,34,0000,0,01110100111110010111010100011111,1,0,1,1010001111100000,1
42,42,0,0,0,0,1,0,0,34,0000,0,01110100111110010111010100011111,1,0,1,1010001111100000,1
43,43,0,0,0,0,1,0,0,34,0000,0,01110100111110010111010100011111,1,0,1,1010001111100000,1
44,44,0,0,0,0,1,0,0,34,0000,0,01110100111110010111010100011111,1,0,1,1010001111100000,1
45,45,0,1,0,0,1,0,0,34,0000,0,01110100111110010111010100011111,1,0,1,0100011111000000,1
46,46,0,1,0,0,1,0,0,34,0000,0,01110100111110010111010100011111,1,0,1,0100011111000000,1
47,47,0,0,0,0,1,0,0,34,0000,0,01110100111110010111010100011111,1,0,1,0100011111000000,1
48,48,0,0,0,0,1,0,0,34,0000,0,01110100111110010111010100011111,1,0,1,0100011111000000,1
49,49,0,0,0,0,1,0,0,34,0000,0,01110100111110010111010100011111,1,0,1,0100011111000000,1
50,50,0,1,0,0,1,0,0,34,0000,0,01110100111110010111010100011111,1,0,1,1000111110000000,1
51,51,0,1,0,0,1,0,0,34,0000,0,01110100111110010111010100011111,1,0,1,1000111110000000,1
52,52,0,0,0,0,1,0,0,34,0000,0,01110100111110010111010100011111,1,0,1,1000111110000000,1
53,53,0,0,0,0,1,0,0,34,0000,0,01110100111110010111010100011111,1,0,1,1000111110000000,1
54,54,0,0,0,0,1,0,0,34,0000,0,01110100111110010111010100011111,1,0,1,1000111110000000,1
55,55,0,1,0,0,1,0,0,34,0000,0,01110100111110010111010100011111,1,0,1,0001111100000000,1
56,56,0,1,0,0,1,0,0,34,0000,0,01110100111110010111010100011111,1,0,1,0001111100000000,1
57,57,0,0,0,0,1,0,0,34,0000,0,01110100111110010111010100011111,1,0,1,0001111100000000,1
58,58,0,0,0,0,1,0,0,34,0000,0,01110100111110010111010100011111,1,0,1,0001111100000000,1
59,59,0,0,0,0,1,0,0,34,0000,0,01110100111110010111010100011111,1,0,1,0001111100000000,1
60,60,0,1,0,0,1,0,0,34,0000,0,01110100111110010111010100011111,1,0,1,0011111000000000,1
61,61,0,1,0,0,1,0,0,34,0000,0,01110100111110010111010100011111,1,0,1,0011111000000000,1
62,62,0,0,0,0,1,0,0,34,0000,0,01110100111110010111010100011111,1,0,1,0011111000000000,1
63,63,0,0,0,0,1,0,0,34,0000,0,01110100111110010111010100011111,1,0,1,0011111000000000,1
64,64,0,0,0,0,1,0,0,34,0000,0,01110100111110010111010100011111,1,0,1,0011111000000000,1
65,65,0,1,0,0,1,0,0,34,0000,0,01110100111110010111010100011111,1,0,1,0111110000000000,1
66,66,0,1,0,0,1,0,0,34,0000,0,01110100111110010111010100011111,1,0,1,0111110000000000,1
67,67,0,0,0,0,1,0,0,34,0000,0,01110100111110010111010100011111,1,0,1,0111110000000000,1
68,68,0,0,0,0,1,0,0,34,0000,0,01110100111110010111010100011111,1,0,1,0111110000000000,1
69,69,0,0,0,1,1,0,0,34,0000,0,01110100111110010111010100011111,1,0,1,0111110000000000,1
70,70,0,1,0,1,1,0,0,34,0000,0,01110100111110010111010100011111,1,0,1,1111100000000001,1
71,71,0,1,0,1,1,0,0,34,0000,0,01110100111110010111010100011111,1,0,1,1111100000000001,1
72,72,0,0,0,1,1,0,0,34,0000,0,01110100111110010111010100011111,1,0,1,1111100000000001,1
73,73,0,0,0,1,1,0,0,34,0000,0,01110100111110010111010100011111,1,0,1,1111100000000001,1
74,74,0,0,0,0,1,0,0,34,0000,0,01110100111110010111010100011111,1,0,1,1111100000000001,1
75,75,0,1,0,0,1,0,0,34,0000,0,01110100111110010111010100011111,1,0,1,1111000000000010,1
76,76,0,1,0,0,1,0,0,34,0000,0,01110100111110010111010100011111,1,0,1,1111000000000010,1
77,77,0,0,0,0,1,0,0,34,0000,0,01110100111110010111010100011111,1,0,1,1111000000000010,1
78,78,0,0,0,0,1,0,0,34,0000,0,01110100111110010111010100011111,1,0,1,1111000000000010,1
79,79,0,0,0,0,1,0,0,34,0000,0,01110100111110010111010100011111,1,0,1,1111000000000010,1
80,80,0,1,0,0,1,0,0,34,0000,0,01110100111110010111010100011111,1,0,1,1110000000000100,1
81,81,0,1,0,0,1,0,0,34,0000,0,01110100111110010111010100011111,1,0,1,1110000000000100,1
82,82,0,0,0,0,1,0,0,34,0000,0,01110100111110010111010100011111,1,0,1,1110000000000100,1
83,83,0,0,0,0,1,0,0,34,0000,0,01110100111110010111010100011111,1,0,1,1110000000000100,1
84,84,0,0,0,0,1,0,0,34,0000,0,01110100111110010111010100011111,1,0,1,1110000000000100,1
85,85,0,1,0,0,1,0,0,34,0000,0,01110100111110010111010100011111,1,0,1,1100000000001000,1
86,86,0,1,0,0,1,0,0,34,0000,0,01110100111110010111010100011111,1,0,1,1100000000001000,1
87,87,0,0,0,0,1,0,0,34,0000,0,01110100111110010111010100011111,1,0,1,1100000000001000,1
88,88,0,0,0,0,1,0,0,34,0000,0,01110100111110010111010100011111,1,0,1,1100000000001000,1
89,89,0,0,0,1,1,0,0,34,0000,0,01110100111110010111010100011111,1,0,1,1100000000001000,1
90,90,0,1,0,1,1,0,0,34,0000,0,01110100111110010111010100011111,1,0,1,1000000000010001,1
91,91,0,1,0,1,1,0,0,34,0000,0,01110100111110010111010100011111,1,0,1,1000000000010001,1
92,92,0,0,0,1,1,0,0,34,0000,0,01110100111110010111010100011111,1,0,1,1000000000010001,1
93,93,0,0,0,1,1,0,0,34,0000,0,01110100111110010111010100011111,1,0,1,1000000000010001,1
94,94,0,0,0,1,1,0,0,34,0000,0,01110100111110010111010100011111,1,0,1,1000000000010001,1
95,95,0,1,0,1,1,0,0,34,0000,0,01110100111110010111010100011111,1,0,1,0000000000100011,1
96,96,0,1,0,1,1,0,0,34,0000,0,01110100111110010111010100011111,1,0,1,0000000000100011,1
97,97,0,0,0,1,1,0,0,34,0000,0,01110100111110010111010100011111,1,0,1,0000000000100011,1
98,98,0,0,0,1,1,0,0,34,0000,0,01110100111110010111010100011111,1,0,1,0000000000100011,1
99,99,0,0,0,1,1,0,0,34,0000,0,01110100111110010111010100011111,1,0,1,0000000000100011,1
100,100,1,1,0,1,1,0,0,35,0000,0,01110100111110010111010100011111,1,1,1,0000000001000111,1
101,101,0,1,0,1,1,0,0,35,0000,0,01110100111110010111010100011111,1,1,1,0000000001000111,1
102,102,0,0,0,1,1,0,0,35,0000,0,01110100111110010111010100011111,1,1,1,0000000001000111,1
103,103,0,0,0,1,1,0,0,35,0000,0,01110100111110010111010100011111,1,1,1,0000000001000111,1
104,104,0,0,0,0,1,0,0,35,0000,0,01110100111110010111010100011111,1,1,1,0000000001000111,1
105,105,0,1,0,0,1,0,0,35,0000,0,01110100111110010111010100011111,1,0,1,0000000010001110,1
106,106,0,1,0,0,1,0,0,35,0000,0,01110100111110010111010100011111,1,0,1,0000000010001110,1
107,107,0,0,0,0,1,0,0,35,0000,0,01110100111110010111010100011111,1,0,1,0000000010001110,1
108,108,0,0,0,0,1,0,0,35,0000,0,01110100111110010111010100011111,1,0,1,0000000010001110,1
109,109,0,0,0,1,1,0,0,35,0000,0,01110100111110010111010100011111,1,0,1,0000000010001110,1
110,110,0,1,0,1,1,0,0,35,0000,0,01110100111110010111010100011111,1,0,1,0000000100011101,1
111,111,0,1,0,1,1,0,0,35,0000,0,01110100111110010111010100011111,1,0,1,0000000100011101,1
112,112,0,0,0,1,1,0,0,35,0000,0,01110100111110010111010100011111,1,0,1,0000000100011101,1
113,113,0,0,0,1,1,0,0,35,0000,0,01110100111110010111010100011111,1,0,1,0000000100011101,1
114,114,0,0,0,1,1,0,0,35,0000,0,01110100111110010111010100011111,1,0,1,0000000100011101,1
115,115,0,1,0,1,1,0,0,35,0000,0,01110100111110010111010100011111,1,0,1,0000001000111011,1
116,116,0,1,0,1,1,0,0,35,0000,0,01110100111110010111010100011111,1,0,1,0000001000111011,1
117,117,0,0,0,1,1,0,0,35,0000,0,01110100111110010111010100011111,1,0,1,0000001000111011,1
118,118,0,0,0,1,1,0,0,35,0000,0,01110100111110010111010100011111,1,0,1,0000001000111011,1
119,119,0,0,0,1,1,0,0,35,0000,0,01110100111110010111010100011111,1,0,1,0000001000111011,1
120,120,0,1,0,1,1,0,0,35,0000,0,01110100111110010111010100011111,1,0,1,0000010001110111,1
121,121,0,1,0,1,1,0,0,35,0000,0,01110100111110010111010100011111,1,0,1,0000010001110111,1
122,122,0,0,0,1,1,0,0,35,0000,0,01110100111110010111010100011111,1,0,1,0000010001110111,1
123,123,0,0,0,1,1,0,0,35,0000,0,01110100111110010111010100011111,1,0,1,0000010001110111,1
124,124,0,0,0,0,1,0,0,35,0000,0,01110100111110010111010100011111,1,0,1,0000010001110111,1
125,125,0,1,0,0,1,0,0,35,0000,0,01110100111110010111010100011111,1,0,1,0000100011101110,1
126,126,0,1,0,0,1,0,0,35,0000,0,01110100111110010111010100011111,1,0,1,0000100011101110,1
127,127,0,0,0,0,1,0,0,35,0000,0,01110100111110010111010100011111,1,0,1,0000100011101110,1
128,0,0,1,0,1,1,0,0,35,0000,0,01110100001010100111010000101010,1,0,1,0100111010000101,1
129,1,0,1,0,1,1,0,0,35,0000,0,01110100001010100111010000101010,1,0,1,0100111010000101,1
130,2,0,0,0,1,1,0,0,35,0000,0,01110100001010100111010000101010,1,0,1,0100111010000101,1
131,3,0,0,0,1,1,0,0,35,0000,0,01110100001010100111010000101010,1,0,1,0100111010000101,1
132,4,0,0,0,1,1,0,0,35,0000,0,01110100001010100111010000101010,1,0,1,0100111010000101,1
133,5,0,1,0,1,1,0,0,35,0000,0,01110100001010100111010000101010,1,0,1,1001110100001011,1
134,6,0,1,0,1,1,0,0,35,0000,0,01110100001010100111010000101010,1,0,1,1001110100001011,1
135,7,0,0,0,1,1,0,0,35,0000,0,01110100001010100111010000101010,1,0,1,1001110100001011,1
136,8,0,0,0,1,1,0,0,35,0000,0,01110100001010100111010000101010,1,0,1,1001110100001011,1
137,9,0,0,0,0,1,0,0,35,0000,0,01110100001010100111010000101010,1,0,1,1001110100001011,1
138,10,0,1,0,0,1,0,0,35,0000,0,01110100001010100111010000101010,1,0,1,0011101000010110,1
139,11,0,1,0,0,1,0,0,35,0000,0,01110100001010100111010000101010,1,0,1,0011101000010110,1
140,12,0,0,0,0,1,0,0,35,0000,0,01110100001010100111010000101010,1,0,1,0011101000010110,1
141,13,0,0,0,0,1,0,0,35,0000,0,01110100001010100111010000101010,1,0,1,0011101000010110,1
142,14,0,0,0,0,1,0,0,35,0000,0,01110100001010100111010000101010,1,0,1,0011101000010110,1
143,15,0,1,0,0,1,0,0,35,0000,0,01110100001010100111010000101010,1,0,1,0111010000101100,1
144,16,0,1,0,0,1,0,0,35,0000,0,01110100001010100111010000101010,1,0,2,0111010000101100,2
145,17,0,0,0,0,1,0,0,35,0000,0,01110100001010100111010000101010,1,0,2,0111010000101100,2
146,18,0,0,0,0,1,0,0,35,0000,0,01110100001010100111010000101010,1,0,2,0111010000101100,2
147,19,0,0,0,0,1,0,0,35,0000,0,01110100001010100111010000101010,1,0,2,0111010000101100,2
148,20,0,1,0,0,1,0,0,35,0000,0,01110100001010100111010000101100,1,0,2,1110100001011000,2
149,21,0,1,0,0,1,0,0,35,0000,0,01110100001010100111010000101100,1,0,1,1110100001011000,1
150,22,0,0,0,0,1,0,0,35,0000,0,01110100001010100111010000101100,1,0,1,1110100001011000,1
151,23,0,0,0,0,1,0,0,35,0000,0,01110100001010100111010000101100,1,0,1,1110100001011000,1
152,24,0,0,0,0,1,0,0,35,0000,0,01110100001010100111010000101100,1,0,1,1110100001011000,1
153,25,0,1,0,0,1,0,0,35,0000,0,01110100001010100111010000101100,1,0,1,1101000010110000,1
154,26,0,1,0,0,1,0,0,35,0000,0,01110100001010100111010000101100,1,0,1,1101000010110000,1
155,27,0,0,0,0,1,0,0,35,0000,0,01110100001010100111010000101100,1,0,1,1101000010110000,1
156,28,0,0,0,0,1,0,0,35,0000,0,01110100001010100111010000101100,1,0,1,1101000010110000,1
157,29,0,0,0,0,1,0,0,35,0000,0,01110100001010100111010000101100,1,0,1,1101000010110000,1
158,30,0,1,0,0,1,0,0,35,0000,0,01110100001010100111010000101100,1,0,1,1010000101100000,1
159,31,0,1,0,0,1,0,0,35,0000,0,01110100001010100111010000101100,1,0,1,1010000101100000,1
160,32,0,0,0,0,1,0,0,35,0000,0,01110100001010100111010000101100,1,0,1,1010000101100000,1
161,33,0,0,0,0,1,0,0,35,0000,0,01110100001010100111010000101100,1,0,1,1010000101100000,1
162,34,0,0,0,0,1,0,0,35,0000,0,01110100001010100111010000101100,1,0,1,1010000101100000,1
163,35,0,1,0,0,1,0,0,35,0000,0,01110100001010100111010000101100,1,0,1,0100001011000000,1
164,36,0,1,0,0,1,0,0,35,0000,0,01110100001010100111010000101100,1,0,1,0100001011000000,1
165,37,0,0,0,0,1,0,0,35,0000,0,01110100001010100111010000101100,1,0,1,0100001011000000,1
166,38,0,0,0,0,1,0,0,35,0000,0,01110100001010100111010000101100,1,0,1,0100001011000000,1
167,39,0,0,0,0,1,0,0,35,0000,0,01110100001010100111010000101100,1,0,1,0100001011000000,1
168,40,0,1,0,0,1,0,0,35,0000,0,01110100001010100111010000101100,1,0,1,1000010110000000,1
169,41,0,1,0,0,1,0,0,35,0000,0,01110100001010100111010000101100,1,0,1,1000010110000000,1
170,42,0,0,0,0,1,0,0,35,0000,0,01110100001010100111010000101100,1,0,1,1000010110000000,1
171,43,0,0,0,0,1,0,0,35,0000,0,01110100001010100111010000101100,1,0,1,1000010110000000,1
172,44,0,0,0,0,1,0,0,35,0000,0,01110100001010100111010000101100,1,0,1,1000010110000000,1
173,45,0,1,0,0,1,0,0,35,0000,0,01110100001010100111010000101100,1,0,1,0000101100000000,1
174,46,0,1,0,0,1,0,0,35,0000,0,01110100001010100111010000101100,1,0,1,0000101100000000,1
175,47,0,0,0,0,1,0,0,35,0000,0,01110100001010100111010000101100,1,0,1,0000101100000000,1
176,48,0,0,0,0,1,0,0,35,0000,0,01110100001010100111010000101100,1,0,1,0000101100000000,1
177,49,0,0,0,0,1,0,0,35,0000,0,01110100001010100111010000101100,1,0,1,0000101100000000,1
178,50,0,1,0,0,1,0,0,35,0000,0,01110100001010100111010000101100,1,0,1,0001011000000000,1
179,51,0,1,0,0,1,0,0,35,0000,0,01110100001010100111010000101100,1,0,1,0001011000000000,1
180,52,0,0,0,0,1,0,0,35,0000,0,01110100001010100111010000101100,1,0,1,0001011000000000,1
181,53,0,0,0,0,1,0,0,35,0000,0,01110100001010100111010000101100,1,0,1,0001011000000000,1
182,54,0,0,0,0,1,0,0,35,0000,0,01110100001010100111010000101100,1,0,1,0001011000000000,1
183,55,0,1,0,0,1,0,0,35,0000,0,01110100001010100111010000101100,1,0,1,0010110000000000,1
184,56,0,1,0,0,1,0,0,35,0000,0,01110100001010100111010000101100,1,0,1,0010110000000000,1
185,57,0,0,0,0,1,0,0,35,0000,0,01110100001010100111010000101100,1,0,1,0010110000000000,1
186,58,0,0,0,0,1,0,0,35,0000,0,01110100001010100111010000101100,1,0,1,0010110000000000,1
187,59,0,0,0,0,1,0,0,35,0000,0,01110100001010100111010000101100,1,0,1,0010110000000000,1
188,60,0,1,0,0,1,0,0,35,0000,0,01110100001010100111010000101100,1,0,1,0101100000000000,1
189,61,0,1,0,0,1,0,0,35,0000,0,01110100001010100111010000101100,1,0,1,0101100000000000,1
190,62,0,0,0,0,1,0,0,35,0000,0,01110100001010100111010000101100,1,0,1,0101100000000000,1
191,63,0,0,0,0,1,0,0,35,0000,0,01110100001010100111010000101100,1,0,1,0101100000000000,1
192,64,0,0,0,0,1,0,0,35,0000,0,01110100001010100111010000101100,1,0,1,0101100000000000,1
193,65,0,1,0,0,1,0,0,35,0000,0,01110100001010100111010000101100,1,0,1,1011000000000000,1
194,66,0,1,0,0,1,0,0,35,0000,0,01110100001010100111010000101100,1,0,1,1011000000000000,1
195,67,0,0,0,0,1,0,0,35,0000,0,01110100001010100111010000101100,1,0,1,1011000000000000,1
196,68,0,0,0,0,1,0,0,35,0000,0,01110100001010100111010000101100,1,0,1,1011000000000000,1
197,69,0,0,0,1,1,0,0,35,0000,0,01110100001010100111010000101100,1,0,1,1011000000000000,1
198,70,0,1,0,1,1,0,0,35,0000,0,01110100001010100111010000101100,1,0,1,0110000000000001,1
199,71,0,1,0,1,1,0,0,35,0000,0,01110100001010100111010000101100,1,0,1,0110000000000001,1
200,72,0,0,0,1,1,0,0,35,0000,0,01110100001010100111010000101100,1,0,1,0110000000000001,1
201,73,0,0,0,1,1,0,0,35,0000,0,01110100001010100111010000101100,1,0,1,0110000000000001,1
202,74,0,0,0,0,1,0,0,35,0000,0,01110100001010100111010000101100,1,0,1,0110000000000001,1
203,75,0,1,0,0,1,0,0,35,0000,0,01110100001010100111010000101100,1,0,1,1100000000000010,1
204,76,0,1,0,0,1,0,0,35,0000,0,01110100001010100111010000101100,1,0,1,1100000000000010,1
205,77,0,0,0,0,1,0,0,35,0000,0,01110100001010100111010000101100,1,0,1,1100000000000010,1
206,78,0,0,0,0,1,0,0,35,0000,0,01110100001010100111010000101100,1,0,1,1100000000000010,1
207,79,0,0,0,0,1,0,0,35,0000,0,01110100001010100111010000101100,1,0,1,1100000000000010,1
208,80,0,1,0,0,1,0,0,35,0000,0,01110100001010100111010000101100,1,0,1,1000000000000100,1
209,81,0,1,0,0,1,0,0,35,0000,0,01110100001010100111010000101100,1,0,1,1000000000000100,1
210,82,0,0,0,0,1,0,0,35,0000,0,01110100001010100111010000101100,1,0,1,1000000000000100,1
211,83,0,0,0,0,1,0,0,35,0000,0,01110100001010100111010000101100,1,0,1,1000000000000100,1
212,84,0,0,0,1,1,0,0,35,0000,0,01110100001010100111010000101100,1,0,1,1000000000000100,1
213,85,0,1,0,1,1,0,0,35,0000,0,01110100001010100111010000101100,1,0,1,0000000000001001,1
214,86,0,1,0,1,1,0,0,35,0000,0,01110100001010100111010000101100,1,0,1,0000000000001001,1
215,87,0,0,0,1,1,0,0,35,0000,0,01110100001010100111010000101100,1,0,1,0000000000001001,1
216,88,0,0,0,1,1,0,0,35,0000,0,01110100001010100111010000101100,1,0,1,0000000000001001,1
217,89,0,0,0,0,1,0,0,35,0000,0,01110100001010100111010000101100,1,0,1,0000000000001001,1
218,90,0,1,0,0,1,0,0,35,0000,0,01110100001010100111010000101100,1,0,1,0000000000010010,1
219,91,0,1,0,0,1,0,0,35,0000,0,01110100001010100111010000101100,1,0,1,0000000000010010,1
220,92,0,0,0,0,1,0,0,35,0000,0,01110100001010100111010000101100,1,0,1,0000000000010010,1
221,93,0,0,0,0,1,0,0,35,0000,0,01110100001010100111010000101100,1,0,1,0000000000010010,1
222,94,0,0,0,0,1,0,0,35,0000,0,01110100001010100111010000101100,1,0,1,0000000000010010,1
223,95,0,1,0,0,1,0,0,35,0000,0,01110100001010100111010000101100,1,0,1,0000000000100100,1
224,96,0,1,0,0,1,0,0,35,0000,0,01110100001010100111010000101100,1,0,1,0000000000100100,1
225,97,0,0,0,0,1,0,0,35,0000,0,01110100001010100111010000101100,1,0,1,0000000000100100,1
226,98,0,0,0,0,1,0,0,35,0000,0,01110100001010100111010000101100,1,0,1,0000000000100100,1
227,99,0,0,0,0,1,0,0,35,0000,0,01110100001010100111010000101100,1,0,1,0000000000100100,1
228,100,1,1,0,0,1,0,0,36,0000,0,01110100001010100111010000101100,1,1,1,0000000001001000,1
229,101,0,1,0,0,1,0,0,36,0000,0,01110100001010100111010000101100,1,1,1,0000000001001000,1
230,102,0,0,0,0,1,0,0,36,0000,0,01110100001010100111010000101100,1,1,1,0000000001001000,1
231,103,0,0,0,0,1,0,0,36,0000,0,01110100001010100111010000101100,1,1,1,0000000001001000,1
232,104,0,0,0,0,1,0,0,36,0000,0,01110100001010100111010000101100,1,1,1,0000000001001000,1
233,105,0,1,0,0,1,0,0,36,0000,0,01110100001010100111010000101100,1,0,1,0000000010010000,1
234,106,0,1,0,0,1,0,0,36,0000,0,01110100001010100111010000101100,1,0,1,0000000010010000,1
235,107,0,0,0,0,1,0,0,36,0000,0,01110100001010100111010000101100,1,0,1,0000000010010000,1
236,108,0,0,0,0,1,0,0,36,0000,0,01110100001010100111010000101100,1,0,1,0000000010010000,1
237,109,0,0,0,0,1,0,0,36,0000,0,01110100001010100111010000101100,1,0,1,0000000010010000,1
238,110,0,1,0,0,1,0,0,36,0000,0,01110100001010100111010000101100,1,0,1,0000000100100000,1
239,111,0,1,0,0,1,0,0,36,0000,0,01110100001010100111010000101100,1,0,1,0000000100100000,1
240,112,0,0,0,0,1,0,0,36,0000,0,01110100001010100111010000101100,1,0,1,0000000100100000,1
241,113,0,0,0,0,1,0,0,36,0000,0,01110100001010100111010000101100,1,0,1,0000000100100000,1
242,114,0,0,0,0,1,0,0,36,0000,0,01110100001010100111010000101100,1,0,1,0000000100100000,1
243,115,0,1,0,0,1,0,0,36,0000,0,01110100001010100111010000101100,1,0,1,0000001001000000,1
244,116,0,1,0,0,1,0,0,36,0000,0,01110100001010100111010000101100,1,0,1,0000001001000000,1
245,117,0,0,0,0,1,0,0,36,0000,0,01110100001010100111010000101100,1,0,1,0000001001000000,1
246,118,0,0,0,0,1,0,0,36,0000,0,01110100001010100111010000101100,1,0,1,0000001001000000,1
247,119,0,0,0,0,1,0,0,36,0000,0,01110100001010100111010000101100,1,0,1,0000001001000000,1
248,120,0,1,0,0,1,0,0,36,0000,0,01110100001010100111010000101100,1,0,1,0000010010000000,1
249,121,0,1,0,0,1,0,0,36,0000,0,01110100001010100111010000101100,1,0,1,0000010010000000,1
250,122,0,0,0,0,1,0,0,36,0000,0,01110100001010100111010000101100,1,0,1,0000010010000000,1
251,123,0,0,0,0,1,0,0,36,0000,0,01110100001010100111010000101100,1,0,1,0000010010000000,1
252,124,0,0,0,1,1,0,0,36,0000,0,01110100001010100111010000101100,1,0,1,0000010010000000,1
253,125,0,1,0,1,1,0,0,36,0000,0,01110100001010100111010000101100,1,0,1,0000100100000001,1
254,126,0,1,0,1,1,0,0,36,0000,0,01110100001010100111010000101100,1,0,1,0000100100000001,1
255,127,0,0,0,1,1,0,0,36,0000,0,01110100001010100111010000101100,1,0,1,0000100100000001,1
256,0,0,1,0,0,1,0,0,36,0000,0,01110101000001000111010010101010,1,0,1,1000111010100110,1
257,1,0,1,0,0,1,0,0,36,0000,0,01110101000001000111010010101010,1,0,1,1000111010100110,1
258,2,0,0,0,0,1,0,0,36,0000,0,01110101000001000111010010101010,1,0,1,1000111010100110,1
259,3,0,0,0,0,1,0,0,36,0000,0,01110101000001000111010010101010,1,0,1,1000111010100110,1
260,4,0,0,0,1,1,0,0,36,0000,0,01110101000001000111010010101010,1,0,1,1000111010100110,1
261,5,0,1,0,1,1,0,0,36,0000,0,01110101000001000111010010101010,1,0,1,0001110101001101,1
262,6,0,1,0,1,1,0,0,36,0000,0,01110101000001000111010010101010,1,0,1,0001110101001101,1
263,7,0,0,0,1,1,0,0,36,0000,0,01110101000001000111010010101010,1,0,1,0001110101001101,1
264,8,0,0,0,1,1,0,0,36,0000,0,01110101000001000111010010101010,1,0,1,0001110101001101,1
265,9,0,0,0,1,1,0,0,36,0000,0,01110101000001000111010010101010,1,0,1,0001110101001101,1
266,10,0,1,0,1,1,0,0,36,0000,0,01110101000001000111010010101010,1,0,1,0011101010011011,1
267,11,0,1,0,1,1,0,0,36,0000,0,01110101000001000111010010101010,1,0,1,0011101010011011,1
268,12,0,0,0,1,1,0,0,36,0000,0,01110101000001000111010010101010,1,0,1,0011101010011011,1
269,13,0,0,0,1,1,0,0,36,0000,0,01110101000001000111010010101010,1,0,1,0011101010011011,1
270,14,0,0,0,1,1,0,0,36,0000,0,01110101000001000111010010101010,1,0,1,0011101010011011,1
271,15,0,1,0,1,1,0,0,36,0000,0,01110101000001000111010010101010,1,0,1,0111010100110111,1
272,16,0,1,0,1,1,1,0,36,0000,1,01110101000001000111010010101010,1,0,2,0111010100110111,2
273,17,0,0,0,1,1,0,0,36,0000,0,01110101000001000111010010101010,1,0,2,0111010100110111,2
274,18,0,0,0,1,1,0,0,36,0000,0,01110101000001000111010010101010,1,0,2,0111010100110111,2
275,19,0,0,0,0,1,0,0,36,0000,0,01110101000001000111010010101010,1,0,2,0111010100110111,2
276,20,0,1,0,0,1,0,0,36,0000,0,01110101000001000111010100110111,1,0,2,1110101001101110,2
277,21,0,1,0,0,1,0,0,36,0000,0,01110101000001000111010100110111,1,0,1,1110101001101110,1
278,22,0,0,0,0,1,0,0,36,0000,0,01110101000001000111010100110111,1,0,1,1110101001101110,1
279,23,0,0,0,0,1,0,0,36,0000,0,01110101000001000111010100110111,1,0,1,1110101001101110,1
280,24,0,0,0,0,1,0,0,36,0000,0,01110101000001000111010100110111,1,0,1,1110101001101110,1
281,25,0,1,0,0,1,0,0,36,0000,0,01110101000001000111010100110111,1,0,1,1101010011011100,1
282,26,0,1,0,0,1,0,0,36,0000,0,01110101000001000111010100110111,1,0,1,1101010011011100,1
283,27,0,0,0,0,1,0,0,36,0000,0,01110101000001000111010100110111,1,0,1,1101010011011100,1
284,28,0,0,0,0,1,0,0,36,0000,0,01110101000001000111010100110111,1,0,1,1101010011011100,1
285,29,0,0,0,0,1,0,0,36,0000,0,01110101000001000111010100110111,1,0,1,1101010011011100,1
286,30,0,1,0,0,1,0,0,36,0000,0,01110101000001000111010100110111,1,0,1,1010100110111000,1
287,31,0,1,0,0,1,0,0,36,0000,0,01110101000001000111010100110111,1,0,1,1010100110111000,1
288,32,0,0,0,0,1,0,0,36,0000,0,01110101000001000111010100110111,1,0,1,1010100110111000,1
289,33,0,0,0,0,1,0,0,36,0000,0,01110101000001000111010100110111,1,0,1,1010100110111000,1
290,34,0,0,0,0,1,0,0,36,0000,0,01110101000001000111010100110111,1,0,1,1010100110111000,1
291,35,0,1,0,0,1,0,0,36,0000,0,01110101000001000111010100110111,1,0,1,0101001101110000,1
292,36,0,1,0,0,1,0,0,36,0000,0,01110101000001000111010100110111,1,0,1,0101001101110000,1
293,37,0,0,0,0,1,0,0,36,0000,0,01110101000001000111010100110111,1,0,1,0101001101110000,1
294,38,0,0,0,0,1,0,0,36,0000,0,01110101000001000111010100110111,1,0,1,0101001101110000,1
295,39,0,0,0,0,1,0,0,36,0000,0,01110101000001000111010100110111,1,0,1,0101001101110000,1
296,40,0,1,0,0,1,0,0,36,0000,0,01110101000001000111010100110111,1,0,1,1010011011100000,1
297,41,0,1,0,0,1,0,0,36,0000,0,01110101000001000111010100110111,1,0,1,1010011011100000,1
298,42,0,0,0,0,1,0,0,36,0000,0,01110101000001000111010100110111,1,0,1,1010011011100000,1
299,43,0,0,0,0,1,0,0,36,0000,0,01110101000001000111010100110111,1,0,1,1010011011100000,1
300,44,0,0,0,0,1,0,0,36,0000,0,01110101000001000111010100110111,1,0,1,1010011011100000,1
301,45,0,1,0,0,1,0,0,36,0000,0,01110101000001000111010100110111,1,0,1,0100110111000000,1
302,46,0,1,0,0,1,0,0,36,0000,0,01110101000001000111010100110111,1,0,1,0100110111000000,1
303,47,0,0,0,0,1,0,0,36,0000,0,01110101000001000111010100110111,1,0,1,0100110111000000,1
304,48,0,0,0,0,1,0,0,36,0000,0,01110101000001000111010100110111,1,0,1,0100110111000000,1
305,49,0,0,0,0,1,0,0,36,0000,0,01110101000001000111010100110111,1,0,1,0100110111000000,1
306,50,0,1,0,0,1,0,0,36,0000,0,01110101000001000111010100110111,1,0,1,1001101110000000,1
307,51,0,1,0,0,1,0,0,36,0000,0,01110101000001000111010100110111,1,0,1,1001101110000000,1
308,52,0,0,0,0,1,0,0,36,0000,0,01110101000001000111010100110111,1,0,1,1001101110000000,1
309,53,0,0,0,0,1,0,0,36,0000,0,01110101000001000111010100110111,1,0,1,1001101110000000,1
310,54,0,0,0,0,1,0,0,36,0000,0,01110101000001000111010100110111,1,0,1,1001101110000000,1
311,55,0,1,0,0,1,0,0,36,0000,0,01110101000001000111010100110111,1,0,1,0011011100000000,1
312,56,0,1,0,0,1,0,0,36,0000,0,01110101000001000111010100110111,1,0,1,0011011100000000,1
313,57,0,0,0,0,1,0,0,36,0000,0,01110101000001000111010100110111,1,0,1,0011011100000000,1
314,58,0,0,0,0,1,0,0,36,0000,0,01110101000001000111010100110111,1,0,1,0011011100000000,1
315,59,0,0,0,0,1,0,0,36,0000,0,01110101000001000111010100110111,1,0,1,0011011100000000,1
316,60,0,1,0,0,1,0,0,36,0000,0,01110101000001000111010100110111,1,0,1,0110111000000000,1
317,61,0,1,0,0,1,0,0,36,0000,0,01110101000001000111010100110111,1,0,1,0110111000000000,1
318,62,0,0,0,0,1,0,0,36,0000,0,01110101000001000111010100110111,1,0,1,0110111000000000,1
319,63,0,0,0,0,1,0,0,36,0000,0,01110101000001000111010100110111,1,0,1,0110111000000000,1
320,64,0,0,0,0,1,0,0,36,0000,0,01110101000001000111010100110111,1,0,1,0110111000000000,1
321,65,0,1,0,0,1,0,0,36,0000,0,01110101000001000111010100110111,1,0,1,1101110000000000,1
322,66,0,1,0,0,1,0,0,36,0000,0,01110101000001000111010100110111,1,0,1,1101110000000000,1
323,67,0,0,0,0,1,0,0,36,0000,0,01110101000001000111010100110111,1,0,1,1101110000000000,1
324,68,0,0,0,0,1,0,0,36,0000,0,01110101000001000111010100110111,1,0,1,1101110000000000,1
325,69,0,0,0,1,1,0,0,36,0000,0,01110101000001000111010100110111,1,0,1,1101110000000000,1
326,70,0,1,0,1,1,0,0,36,0000,0,01110101000001000111010100110111,1,0,1,1011100000000001,1
327,71,0,1,0,1,1,0,0,36,0000,0,01110101000001000111010100110111,1,0,1,1011100000000001,1
328,72,0,0,0,1,1,0,0,36,0000,0,01110101000001000111010100110111,1,0,1,1011100000000001,1
329,73,0,0,0,1,1,0,0,36,0000,0,01110101000001000111010100110111,1,0,1,1011100000000001,1
330,74,0,0,0,0,1,0,0,36,0000,0,01110101000001000111010100110111,1,0,1,1011100000000001,1
331,75,0,1,0,0,1,0,0,36,0000,0,01110101000001000111010100110111,1,0,1,0111000000000010,1
332,76,0,1,0,0,1,0,0,36,0000,0,01110101000001000111010100110111,1,0,1,0111000000000010,1
333,77,0,0,0,0,1,0,0,36,0000,0,01110101000001000111010100110111,1,0,1,0111000000000010,1
334,78,0,0,0,0,1,0,0,36,0000,0,01110101000001000111010100110111,1,0,1,0111000000000010,1
335,79,0,0,0,0,1,0,0,36,0000,0,01110101000001000111010100110111,1,0,1,0111000000000010,1
336,80,0,1,0,0,1,0,0,36,0000,0,01110101000001000111010100110111,1,0,1,1110000000000100,1
337,81,0,1,0,0,1,0,0,36,0000,0,01110101000001000111010100110111,1,0,1,1110000000000100,1
338,82,0,0,0,0,1,0,0,36,0000,0,01110101000001000111010100110111,1,0,1,1110000000000100,1
339,83,0,0,0,0,1,0,0,36,0000,0,01110101000001000111010100110111,1,0,1,1110000000000100,1
340,84,0,0,0,1,1,0,0,36,0000,0,01110101000001000111010100110111,1,0,1,1110000000000100,1
341,85,0,1,0,1,1,0,0,36,0000,0,01110101000001000111010100110111,1,0,1,1100000000001001,1
342,86,0,1,0,1,1,0,0,36,0000,0,01110101000001000111010100110111,1,0,1,1100000000001001,1
343,87,0,0,0,1,1,0,0,36,0000,0,01110101000001000111010100110111,1,0,1,1100000000001001,1
344,88,0,0,0,1,1,0,0,36,0000,0,01110101000001000111010100110111,1,0,1,1100000000001001,1
345,89,0,0,0,0,1,0,0,36,0000,0,01110101000001000111010100110111,1,0,1,1100000000001001,1
346,90,0,1,0,0,1,0,0,36,0000,0,01110101000001000111010100110111,1,0,1,1000000000010010,1
347,91,0,1,0,0,1,0,0,36,0000,0,01110101000001000111010100110111,1,0,1,1000000000010010,1
348,92,0,0,0,0,1,0,0,36,0000,0,01110101000001000111010100110111,1,0,1,1000000000010010,1
349,93,0,0,0,0,1,0,0,36,0000,0,01110101000001000111010100110111,1,0,1,1000000000010010,1
350,94,0,0,0,1,1,0,0,36,0000,0,01110101000001000111010100110111,1,0,1,1000000000010010,1
351,95,0,1,0,1,1,0,0,36,0000,0,01110101000001000111010100110111,1,0,1,0000000000100101,1
352,96,0,1,0,1,1,0,0,36,0000,0,01110101000001000111010100110111,1,0,1,0000000000100101,1
353,97,0,0,0,1,1,0,0,36,0000,0,01110101000001000111010100110111,1,0,1,0000000000100101,1
354,98,0,0,0,1,1,0,0,36,0000,0,01110101000001000111010100110111,1,0,1,0000000000100101,1
355,99,0,0,0,1,1,0,0,36,0000,0,01110101000001000111010100110111,1,0,1,0000000000100101,1
356,100,1,1,0,1,1,0,0,37,0000,0,01110101000001000111010100110111,1,1,1,0000000001001011,1
357,101,0,1,0,1,1,0,0,37,0000,0,01110101000001000111010100110111,1,1,1,0000000001001011,1
358,102,0,0,0,1,1,0,0,37,0000,0,01110101000001000111010100110111,1,1,1,0000000001001011,1
359,103,0,0,0,1,1,0,0,37,0000,0,01110101000001000111010100110111,1,1,1,0000000001001011,1
360,104,0,0,0,0,1,0,0,37,0000,0,01110101000001000111010100110111,1,1,1,0000000001001011,1
361,105,0,1,0,0,1,0,0,37,0000,0,01110101000001000111010100110111,1,0,1,0000000010010110,1
362,106,0,1,0,0,1,0,0,37,0000,0,01110101000001000111010100110111,1,0,1,0000000010010110,1
363,107,0,0,0,0,1,0,0,37,0000,0,01110101000001000111010100110111,1,0,1,0000000010010110,1
364,108,0,0,0,0,1,0,0,37,0000,0,01110101000001000111010100110111,1,0,1,0000000010010110,1
365,109,0,0,0,0,1,0,0,37,0000,0,01110101000001000111010100110111,1,0,1,0000000010010110,1
366,110,0,1,0,0,1,0,0,37,0000,0,01110101000001000111010100110111,1,0,1,0000000100101100,1
367,111,0,1,0,0,1,0,0,37,0000,0,01110101000001000111010100110111,1,0,1,0000000100101100,1
368,112,0,0,0,0,1,0,0,37,0000,0,01110101000001000111010100110111,1,0,1,0000000100101100,1
369,113,0,0,0,0,1,0,0,37,0000,0,01110101000001000111010100110111,1,0,1,0000000100101100,1
370,114,0,0,0,1,1,0,0,37,0000,0,01110101000001000111010100110111,1,0,1,0000000100101100,1
371,115,0,1,0,1,1,0,0,37,0000,0,01110101000001000111010100110111,1,0,1,0000001001011001,1
372,116,0,1,0,1,1,0,0,37,0000,0,01110101000001000111010100110111,1,0,1,0000001001011001,1
373,117,0,0,0,1,1,0,0,37,0000,0,01110101000001000111010100110111,1,0,1,0000001001011001,1
374,118,0,0,0,1,1,0,0,37,0000,0,01110101000001000111010100110111,1,0,1,0000001001011001,1
375,119,0,0,0,0,1,0,0,37,0000,0,01110101000001000111010100110111,1,0,1,0000001001011001,1
376,120,0,1,0,0,1,0,0,37,0000,0,01110101000001000111010100110111,1,0,1,0000010010110010,1
377,121,0,1,0,0,1,0,0,37,0000,0,01110101000001000111010100110111,1,0,1,0000010010110010,1
378,122,0,0,0,0,1,0,0,37,0000,0,01110101000001000111010100110111,1,0,1,0000010010110010,1
379,123,0,0,0,0,1,0,0,37,0000,0,01110101000001000111010100110111,1,0,1,0000010010110010,1
380,124,0,0,0,1,1,0,0,37,0000,0,01110101000001000111010100110111,1,0,1,0000010010110010,1
381,125,0,1,0,1,1,0,0,37,0000,0,01110101000001000111010100110111,1,0,1,0000100101100101,1
382,126,0,1,0,1,1,0,0,37,0000,0,01110101000001000111010100110111,1,0,1,0000100101100101,1
383,127,0,0,0,1,1,0,0,37,0000,0,01110101000001000111010100110111,1,0,1,0000100101100101,1
384,0,0,1,0,0,1,0,0,37,0000,0,01110100001111110111010000101110,1,0,1,1110111010000110,1
385,1,0,1,0,0,1,0,0,37,0000,0,01110100001111110111010000101110,1,0,1,1110111010000110,1
386,2,0,0,0,0,1,0,0,37,0000,0,01110100001111110111010000101110,1,0,1,1110111010000110,1
387,3,0,0,0,0,1,0,0,37,0000,0,01110100001111110111010000101110,1,0,1,1110111010000110,1
388,4,0,0,0,0,1,0,0,37,0000,0,01110100001111110111010000101110,1,0,1,1110111010000110,1
389,5,0,1,0,0,1,0,0,37,0000,0,01110100001111110111010000101110,1,0,1,1101110100001100,1
390,6,0,1,0,0,1,0,0,37,0000,0,01110100001111110111010000101110,1,0,1,1101110100001100,1
391,7,0,0,0,0,1,0,0,37,0000,0,01110100001111110111010000101110,1,0,1,1101110100001100,1
392,8,0,0,0,0,1,0,0,37,0000,0,01110100001111110111010000101110,1,0,1,1101110100001100,1
393,9,0,0,0,1,1,0,0,37,0000,0,01110100001111110111010000101110,1,0,1,1101110100001100,1
394,10,0,1,0,1,1,0,0,37,0000,0,01110100001111110111010000101110,1,0,1,1011101000011001,1
395,11,0,1,0,1,1,0,0,37,0000,0,01110100001111110111010000101110,1,0,1,1011101000011001,1
396,12,0,0,0,1,1,0,0,37,0000,0,01110100001111110111010000101110,1,0,1,1011101000011001,1
397,13,0,0,0,1,1,0,0,37,0000,0,01110100001111110111010000101110,1,0,1,1011101000011001,1
398,14,0,0,0,1,1,0,0,37,0000,0,01110100001111110111010000101110,1,0,1,1011101000011001,1
399,15,0,1,0,1,1,0,0,37,0000,0,01110100001111110111010000101110,1,0,1,0111010000110011,1
400,16,0,1,0,1,1,0,0,37,0000,0,01110100001111110111010000101110,1,0,2,0111010000110011,2
401,17,0,0,0,1,1,0,0,37,0000,0,01110100001111110111010000101110,1,0,2,0111010000110011,2
402,18,0,0,0,1,1,0,0,37,0000,0,01110100001111110111010000101110,1,0,2,0111010000110011,2
403,19,0,0,0,0,1,0,0,37,0000,0,01110100001111110111010000101110,1,0,2,0111010000110011,2
404,20,0,1,0,0,1,0,0,37,0000,0,01110100001111110111010000110011,1,0,2,1110100001100110,2
405,21,0,1,0,0,1,0,0,37,0000,0,01110100001111110111010000110011,1,0,1,1110100001100110,1
406,22,0,0,0,0,1,0,0,37,0000,0,01110100001111110111010000110011,1,0,1,1110100001100110,1
407,23,0,0,0,0,1,0,0,37,0000,0,01110100001111110111010000110011,1,0,1,1110100001100110,1
408,24,0,0,0,0,1,0,0,37,0000,0,01110100001111110111010000110011,1,0,1,1110100001100110,1
409,25,0,1,0,0,1,0,0,37,0000,0,01110100001111110111010000110011,1,0,1,1101000011001100,1
410,26,0,1,0,0,1,0,0,37,0000,0,01110100001111110111010000110011,1,0,1,1101000011001100,1
411,27,0,0,0,0,1,0,0,37,0000,0,01110100001111110111010000110011,1,0,1,1101000011001100,1
412,28,0,0,0,0,1,0,0,37,0000,0,01110100001111110111010000110011,1,0,1,1101000011001100,1
413,29,0,0,0,0,1,0,0,37,0000,0,01110100001111110111010000110011,1,0,1,1101000011001100,1
414,30,0,1,0,0,1,0,0,37,0000,0,01110100001111110111010000110011,1,0,1,1010000110011000,1
415,31,0,1,0,0,1,0,0,37,0000,0,01110100001111110111010000110011,1,0,1,1010000110011000,1
416,32,0,0,0,0,1,0,0,37,0000,0,01110100001111110111010000110011,1,0,1,1010000110011000,1
417,33,0,0,0,0,1,0,0,37,0000,0,01110100001111110111010000110011,1,0,1,1010000110011000,1
418,34,0,0,0,0,1,0,0,37,0000,0,01110100001111110111010000110011,1,0,1,1010000110011000,1
419,35,0,1,0,0,1,0,0,37,0000,0,01110100001111110111010000110011,1,0,1,0100001100110000,1
420,36,0,1,0,0,1,0,0,37,0000,0,01110100001111110111010000110011,1,0,1,0100001100110000,1
421,37,0,0,0,0,1,0,0,37,0000,0,01110100001111110111010000110011,1,0,1,0100001100110000,1
422,38,0,0,0,0,1,0,0,37,0000,0,01110100001111110111010000110011,1,0,1,0100001100110000,1
423,39,0,0,0,0,1,0,0,37,0000,0,01110100001111110111010000110011,1,0,1,0100001100110000,1
424,40,0,1,0,0,1,0,0,37,0000,0,01110100001111110111010000110011,1,0,1,1000011001100000,1
425,41,0,1,0,0,1,0,0,37,0000,0,01110100001111110111010000110011,1,0,1,1000011001100000,1
426,42,0,0,0,0,1,0,0,37,0000,0,01110100001111110111010000110011,1,0,1,1000011001100000,1
427,43,0,0,0,0,1,0,0,37,0000,0,01110100001111110111010000110011,1,0,1,1000011001100000,1
428,44,0,0,0,0,1,0,0,37,0000,0,01110100001111110111010000110011,1,0,1,1000011001100000,1
429,45,0,1,0,0,1,0,0,37,0000,0,01110100001111110111010000110011,1,0,1,0000110011000000,1
430,46,0,1,0,0,1,0,0,37,0000,0,01110100001111110111010000110011,1,0,1,0000110011000000,1
431,47,0,0,0,0,1,0,0,37,0000,0,01110100001111110111010000110011,1,0,1,0000110011000000,1
432,48,0,0,0,0,1,0,0,37,0000,0,01110100001111110111010000110011,1,0,1,0000110011000000,1
433,49,0,0,0,0,1,0,0,37,0000,0,01110100001111110111010000110011,1,0,1,0000110011000000,1
434,50,0,1,0,0,1,0,0,37,0000,0,01110100001111110111010000110011,1,0,1,0001100110000000,1
435,51,0,1,0,0,1,0,0,37,0000,0,01110100001111110111010000110011,1,0,1,0001100110000000,1
436,52,0,0,0,0,1,0,0,37,0000,0,01110100001111110111010000110011,1,0,1,0001100110000000,1
437,53,0,0,0,0,1,0,0,37,0000,0,01110100001111110111010000110011,1,0,1,0001100110000000,1
438,54,0,0,0,0,1,0,0,37,0000,0,01110100001111110111010000110011,1,0,1,0001100110000000,1
439,55,0,1,0,0,1,0,0,37,0000,0,01110100001111110111010000110011,1,0,1,0011001100000000,1
440,56,0,1,0,0,1,0,0,37,0000,0,01110100001111110111010000110011,1,0,1,0011001100000000,1
441,57,0,0,0,0,1,0,0,37,0000,0,01110100001111110111010000110011,1,0,1,0011001100000000,1
442,58,0,0,0,0,1,0,0,37,0000,0,01110100001111110111010000110011,1,0,1,0011001100000000,1
443,59,0,0,0,0,1,0,0,37,0000,0,01110100001111110111010000110011,1,0,1,0011001100000000,1
444,60,0,1,0,0,1,0,0,37,0000,0,01110100001111110111010000110011,1,0,1,0110011000000000,1
445,61,0,1,0,0,1,0,0,37,0000,0,01110100001111110111010000110011,1,0,1,0110011000000000,1
446,62,0,0,0,0,1,0,0,37,0000,0,01110100001111110111010000110011,1,0,1,0110011000000000,1
447,63,0,0,0,0,1,0,0,37,0000,0,01110100001111110111010000110011,1,0,1,0110011000000000,1
448,64,0,0,0,0,1,0,0,37,0000,0,01110100001111110111010000110011,1,0,1,0110011000000000,1
449,65,0,1,0,0,1,0,0,37,0000,0,01110100001111110111010000110011,1,0,1,1100110000000000,1
450,66,0,1,0,0,1,0,0,37,0000,0,01110100001111110111010000110011,1,0,1,1100110000000000,1
451,67,0,0,0,0,1,0,0,37,0000,0,01110100001111110111010000110011,1,0,1,1100110000000000,1
452,68,0,0,0,0,1,0,0,37,0000,0,01110100001111110111010000110011,1,0,1,1100110000000000,1
453,69,0,0,0,1,1,0,0,37,0000,0,01110100001111110111010000110011,1,0,1,1100110000000000,1
454,70,0,1,0,1,1,0,0,37,0000,0,01110100001111110111010000110011,1,0,1,1001100000000001,1
455,71,0,1,0,1,1,0,0,37,0000,0,01110100001111110111010000110011,1,0,1,1001100000000001,1
456,72,0,0,0,1,1,0,0,37,0000,0,01110100001111110111010000110011,1,0,1,1001100000000001,1
457,73,0,0,0,1,1,0,0,37,0000,0,01110100001111110111010000110011,1,0,1,1001100000000001,1
458,74,0,0,0,0,1,0,0,37,0000,0,01110100001111110111010000110011,1,0,1,1001100000000001,1
459,75,0,1,0,0,1,0,0,37,0000,0,01110100001111110111010000110011,1,0,1,0011000000000010,1
460,76,0,1,0,0,1,0,0,37,0000,0,01110100001111110111010000110011,1,0,1,0011000000000010,1
461,77,0,0,0,0,1,0,0,37,0000,0,01110100001111110111010000110011,1,0,1,0011000000000010,1
462,78,0,0,0,0,1,0,0,37,0000,0,01110100001111110111010000110011,1,0,1,0011000000000010,1
463,79,0,0,0,0,1,0,0,37,0000,0,01110100001111110111010000110011,1,0,1,0011000000000010,1
464,80,0,1,0,0,1,0,0,37,0000,0,01110100001111110111010000110011,1,0,1,0110000000000100,1
465,81,0,1,0,0,1,0,0,37,0000,0,01110100001111110111010000110011,1,0,1,0110000000000100,1
466,82,0,0,0,0,1,0,0,37,0000,0,01110100001111110111010000110011,1,0,1,0110000000000100,1
467,83,0,0,0,0,1,0,0,37,0000,0,01110100001111110111010000110011,1,0,1,0110000000000100,1
468,84,0,0,0,1,1,0,0,37,0000,0,01110100001111110111010000110011,1,0,1,0110000000000100,1
469,85,0,1,0,1,1,0,0,37,0000,0,01110100001111110111010000110011,1,0,1,1100000000001001,1
470,86,0,1,0,1,1,0,0,37,0000,0,01110100001111110111010000110011,1,0,1,1100000000001001,1
471,87,0,0,0,1,1,0,0,37,0000,0,01110100001111110111010000110011,1,0,1,1100000000001001,1
472,88,0,0,0,1,1,0,0,37,0000,0,01110100001111110111010000110011,1,0,1,1100000000001001,1
473,89,0,0,0,1,1,0,0,37,0000,0,01110100001111110111010000110011,1,0,1,1100000000001001,1
474,90,0,1,0,1,1,0,0,37,0000,0,01110100001111110111010000110011,1,0,1,1000000000010011,1
475,91,0,1,0,1,1,0,0,37,0000,0,01110100001111110111010000110011,1,0,1,1000000000010011,1
476,92,0,0,0,1,1,0,0,37,0000,0,01110100001111110111010000110011,1,0,1,1000000000010011,1
477,93,0,0,0,1,1,0,0,37,0000,0,01110100001111110111010000110011,1,0,1,1000000000010011,1
478,94,0,0,0,0,1,0,0,37,0000,0,01110100001111110111010000110011,1,0,1,1000000000010011,1
479,95,0,1,0,0,1,0,0,37,0000,0,01110100001111110111010000110011,1,0,1,0000000000100110,1
480,96,0,1,0,0,1,0,0,37,0000,0,01110100001111110111010000110011,1,0,1,0000000000100110,1
481,97,0,0,0,0,1,0,0,37,0000,0,01110100001111110111010000110011,1,0,1,0000000000100110,1
482,98,0,0,0,0,1,0,0,37,0000,0,01110100001111110111010000110011,1,0,1,0000000000100110,1
483,99,0,0,0,0,1,0,0,37,0000,0,01110100001111110111010000110011,1,0,1,0000000000100110,1
484,100,1,1,0,0,1,0,0,38,0000,0,01110100001111110111010000110011,1,1,1,0000000001001100,1
485,101,0,1,0,0,1,0,0,38,0000,0,01110100001111110111010000110011,1,1,1,0000000001001100,1
486,102,0,0,0,0,1,0,0,38,0000,0,01110100001111110111010000110011,1,1,1,0000000001001100,1
487,103,0,0,0,0,1,0,0,38,0000,0,01110100001111110111010000110011,1,1,1,0000000001001100,1
488,104,0,0,0,1,1,0,0,38,0000,0,01110100001111110111010000110011,1,1,1,0000000001001100,1
489,105,0,1,0,1,1,0,0,38,0000,0,01110100001111110111010000110011,1,0,1,0000000010011001,1
490,106,0,1,0,1,1,0,0,38,0000,0,01110100001111110111010000110011,1,0,1,0000000010011001,1
491,107,0,0,0,1,1,0,0,38,0000,0,01110100001111110111010000110011,1,0,1,0000000010011001,1
492,108,0,0,0,1,1,0,0,38,0000,0,01110100001111110111010000110011,1,0,1,0000000010011001,1
493,109,0,0,0,0,1,0,0,38,0000,0,01110100001111110111010000110011,1,0,1,0000000010011001,1
494,110,0,1,0,0,1,0,0,38,0000,0,01110100001111110111010000110011,1,0,1,0000000100110010,1
495,111,0,1,0,0,1,0,0,38,0000,0,01110100001111110111010000110011,1,0,1,0000000100110010,1
496,112,0,0,0,0,1,0,0,38,0000,0,01110100001111110111010000110011,1,0,1,0000000100110010,1
497,113,0,0,0,0,1,0,0,38,0000,0,01110100001111110111010000110011,1,0,1,0000000100110010,1
498,114,0,0,0,1,1,0,0,38,0000,0,01110100001111110111010000110011,1,0,1,0000000100110010,1
499,115,0,1,0,1,1,0,0,38,0000,0,01110100001111110111010000110011,1,0,1,0000001001100101,1
500,116,0,1,0,1,1,0,0,38,0000,0,01110100001111110111010000110011,1,0,1,0000001001100101,1
501,117,0,0,0,1,1,0,0,38,0000,0,01110100001111110111010000110011,1,0,1,0000001001100101,1
502,118,0,0,0,1,1,0,0,38,0000,0,01110100001111110111010000110011,1,0,1,0000001001100101,1
503,119,0,0,0,1,1,0,0,38,0000,0,01110100001111110111010000110011,1,0,1,0000001001100101,1
504,120,0,1,0,1,1,0,0,38,0000,0,01110100001111110111010000110011,1,0,1,0000010011001011,1
505,121,0,1,0,1,1,0,0,38,0000,0,01110100001111110111010000110011,1,0,1,0000010011001011,1
506,122,0,0,0,1,1,0,0,38,0000,0,01110100001111110111010000110011,1,0,1,0000010011001011,1
507,123,0,0,0,1,1,0,0,38,0000,0,01110100001111110111010000110011,1,0,1,0000010011001011,1
508,124,0,0,0,0,1,0,0,38,0000,0,01110100001111110111010000110011,1,0,1,0000010011001011,1
509,125,0,1,0,0,1,0,0,38,0000,0,01110100001111110111010000110011,1,0,1,0000100110010110,1
510,126,0,1,0,0,1,0,0,38,0000,0,01110100001111110111010000110011,1,0,1,0000100110010110,1
511,127,0,0,0,0,1,0,0,38,0000,0,01110100001111110111010000110011,1,0,1,0000100110010110,1
512,0,0,1,0,0,1,0,0,38,0000,0,01110101001100110111010010111011,1,0,1,0110111010101100,1
513,1,0,1,0,0,1,0,0,38,0000,0,01110101001100110111010010111011,1,0,1,0110111010101100,1
514,2,0,0,0,0,1,0,0,38,0000,0,01110101001100110111010010111011,1,0,1,0110111010101100,1
515,3,0,0,0,0,1,0,0,38,0000,0,01110101001100110111010010111011,1,0,1,0110111010101100,1
516,4,0,0,0,0,1,0,0,38,0000,0,01110101001100110111010010111011,1,0,1,0110111010101100,1
517,5,0,1,0,0,1,0,0,38,0000,0,01110101001100110111010010111011,1,0,1,1101110101011000,1
518,6,0,1,0,0,1,0,0,38,0000,0,01110101001100110111010010111011,1,0,1,1101110101011000,1
519,7,0,0,0,0,1,0,0,38,0000,0,01110101001100110111010010111011,1,0,1,1101110101011000,1
520,8,0,0,0,0,1,0,0,38,0000,0,01110101001100110111010010111011,1,0,1,1101110101011000,1
521,9,0,0,0,1,1,0,0,38,0000,0,01110101001100110111010010111011,1,0,1,1101110101011000,1
522,10,0,1,0,1,1,0,0,38,0000,0,01110101001100110111010010111011,1,0,1,1011101010110001,1
523,11,0,1,0,1,1,0,0,38,0000,0,01110101001100110111010010111011,1,0,1,1011101010110001,1
524,12,0,0,0,1,1,0,0,38,0000,0,01110101001100110111010010111011,1,0,1,1011101010110001,1
525,13,0,0,0,1,1,0,0,38,0000,0,01110101001100110111010010111011,1,0,1,1011101010110001,1
526,14,0,0,0,1,1,0,0,38,0000,0,01110101001100110111010010111011,1,0,1,1011101010110001,1
527,15,0,1,0,1,1,0,0,38,0000,0,01110101001100110111010010111011,1,0,1,0111010101100011,1
528,16,0,1,0,1,1,0,0,38,0000,0,01110101001100110111010010111011,1,0,2,0111010101100011,2
529,17,0,0,0,1,1,0,0,38,0000,0,01110101001100110111010010111011,1,0,2,0111010101100011,2
530,18,0,0,0,1,1,0,0,38,0000,0,01110101001100110111010010111011,1,0,2,0111010101100011,2
531,19,0,0,0,0,1,0,0,38,0000,0,01110101001100110111010010111011,1,0,2,0111010101100011,2
532,20,0,1,0,0,1,0,0,38,0000,0,01110101001100110111010101100011,1,0,2,1110101011000110,2
533,21,0,1,0,0,1,0,0,38,0000,0,01110101001100110111010101100011,1,0,1,1110101011000110,1
534,22,0,0,0,0,1,0,0,38,0000,0,01110101001100110111010101100011,1,0,1,1110101011000110,1
535,23,0,0,0,0,1,0,0,38,0000,0,01110101001100110111010101100011,1,0,1,1110101011000110,1
536,24,0,0,0,0,1,0,0,38,0000,0,01110101001100110111010101100011,1,0,1,1110101011000110,1
537,25,0,1,0,0,1,0,0,38,0000,0,01110101001100110111010101100011,1,0,1,1101010110001100,1
538,26,0,1,0,0,1,0,0,38,0000,0,01110101001100110111010101100011,1,0,1,1101010110001100,1
539,27,0,0,0,0,1,0,0,38,0000,0,01110101001100110111010101100011,1,0,1,1101010110001100,1
540,28,0,0,0,0,1,0,0,38,0000,0,01110101001100110111010101100011,1,0,1,1101010110001100,1
541,29,0,0,0,0,1,0,0,38,0000,0,01110101001100110111010101100011,1,0,1,1101010110001100,1
542,30,0,1,0,0,1,0,0,38,0000,0,01110101001100110111010101100011,1,0,1,1010101100011000,1
543,31,0,1,0,0,1,0,0,38,0000,0,01110101001100110111010101100011,1,0,1,1010101100011000,1
544,32,0,0,0,0,1,0,0,38,0000,0,01110101001100110111010101100011,1,0,1,1010101100011000,1
545,33,0,0,0,0,1,0,0,38,0000,0,01110101001100110111010101100011,1,0,1,1010101100011000,1
546,34,0,0,0,0,1,0,0,38,0000,0,01110101001100110111010101100011,1,0,1,1010101100011000,1
547,35,0,1,0,0,1,0,0,38,0000,0,01110101001100110111010101100011,1,0,1,0101011000110000,1
548,36,0,1,0,0,1,0,0,38,0000,0,01110101001100110111010101100011,1,0,1,0101011000110000,1
549,37,0,0,0,0,1,0,0,38,0000,0,01110101001100110111010101100011,1,0,1,0101011000110000,1
550,38,0,0,0,0,1,0,0,38,0000,0,01110101001100110111010101100011,1,0,1,0101011000110000,1
551,39,0,0,0,0,1,0,0,38,0000,0,01110101001100110111010101100011,1,0,1,0101011000110000,1
552,40,0,1,0,0,1,0,0,38,0000,0,01110101001100110111010101100011,1,0,1,1010110001100000,1
553,41,0,1,0,0,1,0,0,38,0000,0,01110101001100110111010101100011,1,0,1,1010110001100000,1
554,42,0,0,0,0,1,0,0,38,0000,0,01110101001100110111010101100011,1,0,1,1010110001100000,1
555,43,0,0,0,0,1,0,0,38,0000,0,01110101001100110111010101100011,1,0,1,1010110001100000,1
556,44,0,0,0,0,1,0,0,38,0000,0,01110101001100110111010101100011,1,0,1,1010110001100000,1
557,45,0,1,0,0,1,0,0,38,0000,0,01110101001100110111010101100011,1,0,1,0101100011000000,1
558,46,0,1,0,0,1,0,0,38,0000,0,01110101001100110111010101100011,1,0,1,0101100011000000,1
559,47,0,0,0,0,1,0,0,38,0000,0,01110101001100110111010101100011,1,0,1,0101100011000000,1
560,48,0,0,0,0,1,0,0,38,0000,0,01110101001100110111010101100011,1,0,1,0101100011000000,1
561,49,0,0,0,0,1,0,0,38,0000,0,01110101001100110111010101100011,1,0,1,0101100011000000,1
562,50,0,1,0,0,1,0,0,38,0000,0,01110101001100110111010101100011,1,0,1,1011000110000000,1
563,51,0,1,0,0,1,0,0,38,0000,0,01110101001100110111010101100011,1,0,1,1011000110000000,1
564,52,0,0,0,0,1,0,0,38,0000,0,01110101001100110111010101100011,1,0,1,1011000110000000,1
565,53,0,0,0,0,1,0,0,38,0000,0,01110101001100110111010101100011,1,0,1,1011000110000000,1
566,54,0,0,0,0,1,0,0,38,0000,0,01110101001100110111010101100011,1,0,1,1011000110000000,1
567,55,0,1,0,0,1,0,0,38,0000,0,01110101001100110111010101100011,1,0,1,0110001100000000,1
568,56,0,1,0,0,1,0,0,38,0000,0,01110101001100110111010101100011,1,0,1,0110001100000000,1
569,57,0,0,0,0,1,0,0,38,0000,0,01110101001100110111010101100011,1,0,1,0110001100000000,1
570,58,0,0,0,0,1,0,0,38,0000,0,01110101001100110111010101100011,1,0,1,0110001100000000,1
571,59,0,0,0,0,1,0,0,38,0000,0,01110101001100110111010101100011,1,0,1,0110001100000000,1
572,60,0,1,0,0,1,0,0,38,0000,0,01110101001100110111010101100011,1,0,1,1100011000000000,1
573,61,0,1,0,0,1,0,0,38,0000,0,01110101001100110111010101100011,1,0,1,1100011000000000,1
574,62,0,0,0,0,1,0,0,38,0000,0,01110101001100110111010101100011,1,0,1,1100011000000000,1
575,63,0,0,0,0,1,0,0,38,0000,0,01110101001100110111010101100011,1,0,1,1100011000000000,1
576,64,0,0,0,0,1,0,0,38,0000,0,01110101001100110111010101100011,1,0,1,1100011000000000,1
577,65,0,1,0,0,1,0,0,38,0000,0,01110101001100110111010101100011,1,0,1,1000110000000000,1
578,66,0,1,0,0,1,0,0,38,0000,0,01110101001100110111010101100011,1,0,1,1000110000000000,1
579,67,0,0,0,0,1,0,0,38,0000,0,01110101001100110111010101100011,1,0,1,1000110000000000,1
580,68,0,0,0,0,1,0,0,38,0000,0,01110101001100110111010101100011,1,0,1,1000110000000000,1
581,69,0,0,0,1,1,0,0,38,0000,0,01110101001100110111010101100011,1,0,1,1000110000000000,1
582,70,0,1,0,1,1,0,0,38,0000,0,01110101001100110111010101100011,1,0,1,0001100000000001,1
583,71,0,1,0,1,1,0,0,38,0000,0,01110101001100110111010101100011,1,0,1,0001100000000001,1
584,72,0,0,0,1,1,0,0,38,0000,0,01110101001100110111010101100011,1,0,1,0001100000000001,1
585,73,0,0,0,1,1,0,0,38,0000,0,01110101001100110111010101100011,1,0,1,0001100000000001,1
586,74,0,0,0,0,1,0,0,38,0000,0,01110101001100110111010101100011,1,0,1,0001100000000001,1
587,75,0,1,0,0,1,0,0,38,0000,0,01110101001100110111010101100011,1,0,1,0011000000000010,1
588,76,0,1,0,0,1,0,0,38,0000,0,01110101001100110111010101100011,1,0,1,0011000000000010,1
589,77,0,0,0,0,1,0,0,38,0000,0,01110101001100110111010101100011,1,0,1,0011000000000010,1
590,78,0,0,0,0,1,0,0,38,0000,0,01110101001100110111010101100011,1,0,1,0011000000000010,1
591,79,0,0,0,0,1,0,0,38,0000,0,01110101001100110111010101100011,1,0,1,0011000000000010,1
592,80,0,1,0,0,1,0,0,38,0000,0,01110101001100110111010101100011,1,0,1,0110000000000100,1
593,81,0,1,0,0,1,0,0,38,0000,0,01110101001100110111010101100011,1,0,1,0110000000000100,1
594,82,0,0,0,0,1,0,0,38,0000,0,01110101001100110111010101100011,1,0,1,0110000000000100,1
595,83,0,0,0,0,1,0,0,38,0000,0,01110101001100110111010101100011,1,0,1,0110000000000100,1
596,84,0,0,0,1,1,0,0,38,0000,0,01110101001100110111010101100011,1,0,1,0110000000000100,1
597,85,0,1,0,1,1,0,0,38,0000,0,01110101001100110111010101100011,1,0,1,1100000000001001,1
598,86,0,1,0,1,1,0,0,38,0000,0,01110101001100110111010101100011,1,0,1,1100000000001001,1
599,87,0,0,0,1,1,0,0,38,0000,0,01110101001100110111010101100011,1,0,1,1100000000001001,1
600,88,0,0,0,1,1,0,0,38,0000,0,01110101001100110111010101100011,1,0,1,1100000000001001,1
601,89,0,0,0,1,1,0,0,38,0000,0,01110101001100110111010101100011,1,0,1,1100000000001001,1
602,90,0,1,0,1,1,0,0,38,0000,0,01110101001100110111010101100011,1,0,1,1000000000010011,1
603,91,0,1,0,1,1,0,0,38,0000,0,01110101001100110111010101100011,1,0,1,1000000000010011,1
604,92,0,0,0,1,1,0,0,38,0000,0,01110101001100110111010101100011,1,0,1,1000000000010011,1
605,93,0,0,0,1,1,0,0,38,0000,0,01110101001100110111010101100011,1,0,1,1000000000010011,1
606,94,0,0,0,1,1,0,0,38,0000,0,01110101001100110111010101100011,1,0,1,1000000000010011,1
607,95,0,1,0,1,1,0,0,38,0000,0,01110101001100110111010101100011,1,0,1,0000000000100111,1
608,96,0,1,0,1,1,0,0,38,0000,0,01110101001100110111010101100011,1,0,1,0000000000100111,1
609,97,0,0,0,1,1,0,0,38,0000,0,01110101001100110111010101100011,1,0,1,0000000000100111,1
610,98,0,0,0,1,1,0,0,38,0000,0,01110101001100110111010101100011,1,0,1,0000000000100111,1
611,99,0,0,0,1,1,0,0,38,0000,0,01110101001100110111010101100011,1,0,1,0000000000100111,1
612,100,1,1,0,1,1,0,0,39,0000,0,01110101001100110111010101100011,1,1,1,0000000001001111,1
613,101,0,1,0,1,1,0,0,39,0000,0,01110101001100110111010101100011,1,1,1,0000000001001111,1
614,102,0,0,0,1,1,0,0,39,0000,0,01110101001100110111010101100011,1,1,1,0000000001001111,1
615,103,0,0,0,1,1,0,0,39,0000,0,01110101001100110111010101100011,1,1,1,0000000001001111,1
616,104,0,0,0,1,1,0,0,39,0000,0,01110101001100110111010101100011,1,1,1,0000000001001111,1
617,105,0,1,0,1,1,0,0,39,0000,0,01110101001100110111010101100011,1,0,1,0000000010011111,1
618,106,0,1,0,1,1,0,0,39,0000,0,01110101001100110111010101100011,1,0,1,0000000010011111,1
619,107,0,0,0,1,1,0,0,39,0000,0,01110101001100110111010101100011,1,0,1,0000000010011111,1
620,108,0,0,0,1,1,0,0,39,0000,0,01110101001100110111010101100011,1,0,1,0000000010011111,1
621,109,0,0,0,1,1,0,0,39,0000,0,01110101001100110111010101100011,1,0,1,0000000010011111,1
622,110,0,1,0,1,1,0,0,39,0000,0,01110101001100110111010101100011,1,0,1,0000000100111111,1
623,111,0,1,0,1,1,0,0,39,0000,0,01110101001100110111010101100011,1,0,1,0000000100111111,1
624,112,0,0,0,1,1,0,0,39,0000,0,01110101001100110111010101100011,1,0,1,0000000100111111,1
625,113,0,0,0,1,1,0,0,39,0000,0,01110101001100110111010101100011,1,0,1,0000000100111111,1
626,114,0,0,0,1,1,0,0,39,0000,0,01110101001100110111010101100011,1,0,1,0000000100111111,1
627,115,0,1,0,1,1,0,0,39,0000,0,01110101001100110111010101100011,1,0,1,0000001001111111,1
628,116,0,1,0,1,1,0,0,39,0000,0,01110101001100110111010101100011,1,0,1,0000001001111111,1
629,117,0,0,0,1,1,0,0,39,0000,0,01110101001100110111010101100011,1,0,1,0000001001111111,1
630,118,0,0,0,1,1,0,0,39,0000,0,01110101001100110111010101100011,1,0,1,0000001001111111,1
631,119,0,0,0,0,1,0,0,39,0000,0,01110101001100110111010101100011,1,0,1,0000001001111111,1
632,120,0,1,0,0,1,0,0,39,0000,0,01110101001100110111010101100011,1,0,1,0000010011111110,1
633,121,0,1,0,0,1,0,0,39,0000,0,01110101001100110111010101100011,1,0,1,0000010011111110,1
634,122,0,0,0,0,1,0,0,39,0000,0,01110101001100110111010101100011,1,0,1,0000010011111110,1
635,123,0,0,0,0,1,0,0,39,0000,0,01110101001100110111010101100011,1,0,1,0000010011111110,1
636,124,0,0,0,0,1,0,0,39,0000,0,01110101001100110111010101100011,1,0,1,0000010011111110,1
637,125,0,1,0,0,1,0,0,39,0000,0,01110101001100110111010101100011,1,0,1,0000100111111100,1
638,126,0,1,0,0,1,0,0,39,0000,0,01110101001100110111010101100011,1,0,1,0000100111111100,1
639,127,0,0,0,0,1,0,0,39,0000,0,01110101001100110111010101100011,1,0,1,0000100111111100,1
